,Task,TaskName,Experiment,Phase,Query,QueryNumber,ContentionFactor,ThreadCount,AverageLatency,AverageLatencyMillis,AverageSize,OperationThroughput,DocumentThroughput,SizeThroughput,ErrorRate,Latency50thPercentile,Latency80thPercentile,Latency90thPercentile,Latency95thPercentile,Latency99thPercentile,WorkersMin,WorkersMax,LatencyMax,LatencyMin,DurationTotal,ErrorsTotal,OperationsTotal,DocumentsTotal,SizeTotal,OverheadTotal
0,query_es2_1_1.load.inserts,query_es2_1_1,es2,load.inserts,load,load,1,1,3988459.9521,3.9884599521000004,156.5451,247.60197487335157,247.60197487335157,38760.87591674631,0.0,3874538.5,4469598.0,4892764.833333333,5383765.1499999985,7275046.996666663,1,1,56949056.0,2341036.0,403874000000.0,0.0,100000.0,100000.0,15654510.0,5111896847.0
1,query_es2_1_1.q1.reads,query_es2_1_1,es2,q1.reads,fixed_10: fixed_hf,1,1,1,501659.4161,0.5016594161,367.0,1864.2803877703207,1864.2803877703207,684190.9023117077,0.0,500047.0,503461.0,508421.06666666665,513707.85,520386.84,1,1,1782874.0,492006.0,5364000000.0,0.0,10000.0,10000.0,3670000.0,404798417338.0
2,query_es2_1_1.q2.reads,query_es2_1_1,es2,q2.reads,fixed_10: uar,2,1,1,506725.5531,0.5067255531,369.1339,1748.863544747035,1748.863544747035,645564.8208402975,0.0,505422.0,508191.2,511736.06666666665,518103.19999999995,526914.9766666667,1,1,642829.0,497824.0,5717999000.0,0.0,10000.0,10000.0,3691339.0,410598077896.0
3,query_es2_1_1.q3.reads,query_es2_1_1,es2,q3.reads,"uar_[6,10]: uar",3,1,1,648105.8281,0.6481058281,369.0675,1437.8147286577612,1437.8147286577612,530650.6873688983,0.0,595790.0,783865.8,899325.8999999999,1009603.2,1181004.2900000012,1,1,1642505.0,448061.0,6954999000.0,0.0,10000.0,10000.0,3690675.0,416789592397.0
4,query_es2_1_1.q4.reads,query_es2_1_1,es2,q4.reads,"uar_[6,10]: uar_alllow",4,1,1,644563.1142,0.6445631141999999,369.1568,1446.5501875524646,1446.5501875524646,534003.8382762676,0.0,591921.0,777110.4000000001,887575.7333333334,1009580.15,1185062.1500000001,1,1,1423237.0,448242.0,6912999000.0,0.0,10000.0,10000.0,3691568.0,424384578456.0
5,query_es2_1_4.load.inserts,query_es2_1_4,es2,load.inserts,load,load,1,4,12474312.23978,12.47431223978,156.5451,313.89092917992855,313.89092917992855,49138.08689756483,0.0,5512627.5,9580134.600000001,17312091.5,24253925.649999995,88639089.02666666,4,4,9107691427.0,2336445.0,318582000000.0,0.0,100000.0,100000.0,15654510.0,14647892947.0
6,query_es2_1_4.q1.reads,query_es2_1_4,es2,q1.reads,fixed_10: fixed_hf,1,1,4,528520.1208,0.5285201208,362.0,6891.8035091685115,6891.8035091685115,2494832.870319001,0.0,528981.0,547513.6,557126.0666666667,564748.2,584440.2266666667,4,4,1789720.0,475233.0,1450999000.0,0.0,10000.0,10000.0,3620000.0,1285199195289.0
7,query_es2_1_4.q2.reads,query_es2_1_4,es2,q2.reads,fixed_10: uar,2,1,4,537327.9974,0.5373279974,369.1465,6514.662224535651,6514.662224535651,2404864.7588695497,0.0,537145.0,554175.0,563143.0,571623.8500000001,588813.81,4,4,797802.0,479673.0,1534999000.0,0.0,10000.0,10000.0,3691465.0,1291849750038.0
8,query_es2_1_4.q3.reads,query_es2_1_4,es2,q3.reads,"uar_[6,10]: uar",3,1,4,633840.4239,0.6338404239000001,369.1695,5757.055703543871,5757.055703543871,2125329.375549439,0.0,598228.5,742279.6000000001,815961.9333333333,881332.0999999997,998691.3366666669,4,4,1263623.0,452234.0,1736999000.0,0.0,10000.0,10000.0,3691695.0,1300410526728.0
9,query_es2_1_4.q4.reads,query_es2_1_4,es2,q4.reads,"uar_[6,10]: uar_alllow",4,1,4,636681.7035,0.6366817035,369.205,5740.52812858783,5740.52812858783,2119431.6877152696,0.0,599060.5,743928.8,824751.1666666666,896633.5,1022972.1233333338,4,4,1247746.0,456279.0,1742000000.0,0.0,10000.0,10000.0,3692050.0,1309883230657.0
10,query_es2_1_8.load.inserts,query_es2_1_8,es2,load.inserts,load,load,1,8,15511821.86548,15.51182186548,156.5451,491.04819388079414,491.04819388079414,76871.1886158883,0.0,5556906.0,15036956.200000003,22859629.266666666,33631284.499999985,93445688.25333332,8,8,11092803494.0,2386898.0,203645999000.0,0.0,100000.0,100000.0,15654510.0,48575371422.0
11,query_es2_1_8.q1.reads,query_es2_1_8,es2,q1.reads,fixed_10: fixed_hf,1,1,8,585343.6218,0.5853436218000001,367.0,12195.121951219513,12195.121951219513,4475609.756097562,0.0,560800.5,613390.6000000001,666485.6333333333,714793.1499999999,872575.6433333335,8,8,9926013.0,484948.0,820000000.0,0.0,10000.0,10000.0,3670000.0,1674613699802.0
12,query_es2_1_8.q2.reads,query_es2_1_8,es2,q2.reads,fixed_10: uar,2,1,8,604588.7501,0.6045887500999999,368.9912,10775.862068965516,10775.862068965516,3976198.275862069,0.0,548213.5,574351.6,598842.2,669189.5499999997,928639.330000001,8,8,10521057.0,487196.0,928000000.0,0.0,10000.0,10000.0,3689912.0,1682603752649.0
13,query_es2_1_8.q3.reads,query_es2_1_8,es2,q3.reads,"uar_[6,10]: uar",3,1,8,694049.8454,0.6940498454,368.9861,10256.410256410256,10256.410256410256,3784472.8205128205,0.0,644103.0,818974.4,922533.0666666667,1009086.05,1181377.1933333338,8,8,9986936.0,467922.0,975000000.0,0.0,10000.0,10000.0,3689861.0,1695289491845.0
14,query_es2_1_8.q4.reads,query_es2_1_8,es2,q4.reads,"uar_[6,10]: uar_alllow",4,1,8,703706.2709,0.7037062709,369.0381,9328.358208955224,9328.358208955224,3442519.5895522386,0.0,640743.5,813079.6000000001,922281.7999999999,1011689.1499999998,1216358.48,8,8,13582187.0,439968.0,1072000000.0000001,0.0,10000.0,10000.0,3690381.0,1708382552152.0
15,query_es2_1_16.load.inserts,query_es2_1_16,es2,load.inserts,load,load,1,16,27798082.19992,27.798082199920003,156.5451,528.2285327924272,528.2285327924272,82691.5884888438,0.0,8474607.0,21418352.800000004,33848332.699999996,56786073.249999985,293092746.9799999,16,16,17163479738.0,2568550.0,189312000000.0,0.0,100000.0,100000.0,15654510.0,197841677436.0
16,query_es2_1_16.q1.reads,query_es2_1_16,es2,q1.reads,fixed_10: fixed_hf,1,1,16,808555.543,0.808555543,370.0,16835.04517684373,16835.04517684373,6228966.71543218,0.0,667074.5,945965.0,1117240.4333333333,1342430.95,2041116.6900000006,16,16,17850808.0,502648.0,593999000.0,0.0,10000.0,10000.0,3700000.0,3230349712688.0
17,query_es2_1_16.q2.reads,query_es2_1_16,es2,q2.reads,fixed_10: uar,2,1,16,835076.3421,0.8350763420999999,369.0069,15360.983102918586,15360.983102918586,5668308.755760369,0.0,710306.0,1068102.6,1205060.6333333333,1471436.15,1884757.7133333376,16,16,3521630.0,509614.0,651000000.0,0.0,10000.0,10000.0,3690069.0,3242732185764.0
18,query_es2_1_16.q3.reads,query_es2_1_16,es2,q3.reads,"uar_[6,10]: uar",3,1,16,881810.7925,0.8818107925,369.0355,15455.974429635904,15455.974429635904,5703803.251627901,0.0,795821.0,1054200.8,1229057.8333333333,1405651.15,1823964.2633333355,16,16,10635878.0,473480.0,646999000.0,0.0,10000.0,10000.0,3690355.0,3264640950170.0
19,query_es2_1_16.q4.reads,query_es2_1_16,es2,q4.reads,"uar_[6,10]: uar_alllow",4,1,16,879197.5577,0.8791975577,369.1285,15625.0,15625.0,5767632.8125,0.0,788042.5,1056178.0,1234461.9666666666,1420719.6499999997,1856210.8800000001,16,16,18608891.0,479297.0,640000000.0,0.0,10000.0,10000.0,3691285.0,3286348520108.0
20,query_es2_4_1.load.inserts,query_es2_4_1,es2,load.inserts,load,load,4,1,3661085.2298,3.6610852298000003,156.5451,269.22538544789785,269.22538544789785,42145.91488747972,0.0,3625971.5,3984191.6,4157717.9,4324155.0,4906357.836666666,1,1,54705505.0,2323021.0,371435999000.0,0.0,100000.0,100000.0,15654510.0,5410827455.0
21,query_es2_4_1.q1.reads,query_es2_4_1,es2,q1.reads,fixed_10: fixed_hf,1,4,1,477251.0622,0.4772510622000001,367.0,1948.9378288832586,1948.9378288832586,715260.1832001559,0.0,471229.0,489624.6,492743.0,498250.65,507870.4733333334,1,1,2240297.0,460423.0,5131000000.0,0.0,10000.0,10000.0,3670000.0,372295351098.0
22,query_es2_4_1.q2.reads,query_es2_4_1,es2,q2.reads,fixed_10: uar,2,4,1,476274.994,0.47627499399999995,369.1339,1836.8846436443791,1836.8846436443791,678056.3923585599,0.0,474413.0,479131.0,485543.7,489408.2,498220.6433333333,1,1,587955.0,466076.0,5444000000.0,0.0,10000.0,10000.0,3691339.0,377882500154.0
23,query_es2_4_1.q3.reads,query_es2_4_1,es2,q3.reads,"uar_[6,10]: uar",3,4,1,550434.9954,0.5504349954000001,369.0675,1666.944490748458,1666.944490748458,615215.0358393065,0.0,518597.0,627262.8,693096.9666666667,754207.1,860365.0066666666,1,1,1020095.0,429621.0,5999000000.0,0.0,10000.0,10000.0,3690675.0,383797256708.0
24,query_es2_4_1.q4.reads,query_es2_4_1,es2,q4.reads,"uar_[6,10]: uar_alllow",4,4,1,562605.5607,0.5626055607,369.1568,1635.0555918901243,1635.0555918901243,603591.8901242643,0.0,530228.0,639613.0,705267.7333333333,770708.6499999999,875389.9533333345,1,1,1008345.0,434413.0,6116000000.0,0.0,10000.0,10000.0,3691568.0,390442152752.0
25,query_es2_4_4.load.inserts,query_es2_4_4,es2,load.inserts,load,load,4,4,7983911.29727,7.983911297270001,156.5451,468.6321097348948,468.6321097348948,73362.06048166008,0.0,4874010.5,8543308.000000002,13544397.333333332,19703084.849999994,40929618.249999955,4,4,4082467313.0,2237926.0,213387000000.0,0.0,100000.0,100000.0,15654510.0,16740384949.0
26,query_es2_4_4.q1.reads,query_es2_4_4,es2,q1.reads,fixed_10: fixed_hf,1,4,4,526456.9266,0.5264569266,368.0,6882.317193611283,6882.317193611283,2532692.7272489523,0.0,522623.0,546709.6,557965.6333333333,567095.2,588540.416666667,4,4,11765613.0,476549.0,1452999000.0,0.0,10000.0,10000.0,3680000.0,864648902685.0
27,query_es2_4_4.q2.reads,query_es2_4_4,es2,q2.reads,fixed_10: uar,2,4,4,511422.0413,0.5114220412999999,369.1145,6830.601092896175,6830.601092896175,2521273.9071038254,0.0,507998.0,522960.8,532798.0666666667,543016.25,571448.5333333333,4,4,806665.0,471198.0,1464000000.0,0.0,10000.0,10000.0,3691145.0,871334482249.0
28,query_es2_4_4.q3.reads,query_es2_4_4,es2,q3.reads,"uar_[6,10]: uar",3,4,4,597799.6054,0.5977996054000001,369.1058,6020.473221236136,6020.473221236136,2222191.584702941,0.0,566158.0,691156.8,757510.9333333333,817567.7,916341.2833333334,4,4,1253560.0,443852.0,1660999000.0,0.0,10000.0,10000.0,3691058.0,879761033700.0
29,query_es2_4_4.q4.reads,query_es2_4_4,es2,q4.reads,"uar_[6,10]: uar_alllow",4,4,4,589520.7097,0.5895207097,369.1351,6165.228113440197,6165.228113440197,2275802.096177559,0.0,557846.5,681572.0,750658.9666666667,810731.95,898072.7600000007,4,4,1102943.0,443630.0,1622000000.0,0.0,10000.0,10000.0,3691351.0,889070379754.0
30,query_es2_4_8.load.inserts,query_es2_4_8,es2,load.inserts,load,load,4,8,12627617.88159,12.62761788159,156.5451,603.6715338911553,603.6715338911553,94501.82064014429,0.0,5871323.0,12672460.0,21275696.833333332,27381272.299999997,70267065.49333183,8,8,9096551639.0,2519444.0,165652999000.0,0.0,100000.0,100000.0,15654510.0,51882735056.0
31,query_es2_4_8.q1.reads,query_es2_4_8,es2,q1.reads,fixed_10: fixed_hf,1,4,8,587373.4831,0.5873734830999999,364.0,11876.498665675374,11876.498665675374,4323045.5143058365,0.0,552247.0,627779.8,698389.9333333333,790422.45,933458.703333334,8,8,2260957.0,485727.0,841999000.0,0.0,10000.0,10000.0,3640000.0,1373036578763.0
32,query_es2_4_8.q2.reads,query_es2_4_8,es2,q2.reads,fixed_10: uar,2,4,8,594905.962,0.594905962,369.0439,11013.215859030837,11013.215859030837,4064360.13215859,0.0,553961.5,664459.6000000001,714881.9666666667,822681.65,952890.4233333337,8,8,1741072.0,489108.0,908000000.0,0.0,10000.0,10000.0,3690439.0,1381381659595.0
33,query_es2_4_8.q3.reads,query_es2_4_8,es2,q3.reads,"uar_[6,10]: uar",3,4,8,644865.8288,0.6448658288000001,369.147,11001.112212444677,11001.112212444677,4061027.5698873154,0.0,612292.0,740719.8,822625.3666666667,883027.6,1047581.1800000002,8,8,1405687.0,462728.0,908999000.0,0.0,10000.0,10000.0,3691470.0,1394184579503.0
34,query_es2_4_8.q4.reads,query_es2_4_8,es2,q4.reads,"uar_[6,10]: uar_alllow",4,4,8,672638.6737,0.6726386737000001,369.1607,9487.675035744816,9487.675035744816,3502476.7575680814,0.0,608226.0,747531.4,831564.6333333333,901420.5499999998,1170595.0033333353,8,8,10439875.0,458495.0,1053998999.9999999,0.0,10000.0,10000.0,3691607.0,1407032327283.0
35,query_es2_4_16.load.inserts,query_es2_4_16,es2,load.inserts,load,load,4,16,14856463.28125,14.856463281250003,156.5451,977.2878308119308,977.2878308119308,152989.62120323678,0.0,6108160.5,15194929.000000002,22485426.466666665,30708049.399999987,92516651.7,16,16,10118674590.0,2521540.0,102324000000.0,0.0,100000.0,100000.0,15654510.0,198352444956.0
36,query_es2_4_16.q1.reads,query_es2_4_16,es2,q1.reads,fixed_10: fixed_hf,1,4,16,804503.2802,0.8045032802,366.0,17123.287671232876,17123.287671232876,6267123.2876712335,0.0,677344.5,973646.0,1085065.4,1339373.9499999997,1811169.2033333334,16,16,19947513.0,489799.0,584000000.0,0.0,10000.0,10000.0,3660000.0,1839195035365.0
37,query_es2_4_16.q2.reads,query_es2_4_16,es2,q2.reads,fixed_10: uar,2,4,16,835879.0645,0.8358790645,369.1182,15822.784810126583,15822.784810126583,5840477.848101266,0.0,696006.5,1060337.6,1199595.8333333335,1503335.4500000002,2117524.4566666805,16,16,18253867.0,482586.0,632000000.0,0.0,10000.0,10000.0,3691182.0,1851460891104.0
38,query_es2_4_16.q3.reads,query_es2_4_16,es2,q3.reads,"uar_[6,10]: uar",3,4,16,878814.8452,0.8788148452000001,369.1429,15673.98119122257,15673.98119122257,5785938.871473354,0.0,769323.0,1058492.6,1250411.0333333332,1446396.0499999998,1886032.8333333335,16,16,16908064.0,468498.0,638000000.0,0.0,10000.0,10000.0,3691429.0,1873059762827.0
39,query_es2_4_16.q4.reads,query_es2_4_16,es2,q4.reads,"uar_[6,10]: uar_alllow",4,4,16,882977.5806,0.8829775806,369.2068,15698.611771761023,15698.611771761023,5796034.216694218,0.0,761999.5,1052967.8,1245230.1333333333,1446010.7999999998,2095667.8000000007,16,16,20510525.0,476276.0,636999000.0,0.0,10000.0,10000.0,3692068.0,1894626963741.0
40,query_es2_8_1.load.inserts,query_es2_8_1,es2,load.inserts,load,load,8,1,4095137.26357,4.09513726357,156.5451,241.29469137514977,241.29469137514977,37773.50159079196,0.0,3955734.5,4627417.4,5089706.466666667,5643307.25,7818412.243333332,1,1,56154691.0,2252982.0,414430999000.0,0.0,100000.0,100000.0,15654510.0,5001654080.0
41,query_es2_8_1.q1.reads,query_es2_8_1,es2,q1.reads,fixed_10: fixed_hf,1,8,1,483006.3788,0.4830063788,367.0,1939.1122627714296,1939.1122627714296,711654.2004371147,0.0,479445.0,489960.19999999995,492999.0,496724.0,508683.9766666667,1,1,1752196.0,469221.0,5156999000.0,0.0,10000.0,10000.0,3670000.0,415294224810.0
42,query_es2_8_1.q2.reads,query_es2_8_1,es2,q2.reads,fixed_10: uar,2,8,1,490525.824,0.490525824,369.1339,1805.0544774466566,1805.0544774466566,666306.7989723464,0.0,486805.0,498312.80000000005,501360.0,505300.65,517250.05666666676,1,1,635362.0,476605.0,5539999000.0,0.0,10000.0,10000.0,3691339.0,420891063121.0
43,query_es2_8_1.q3.reads,query_es2_8_1,es2,q3.reads,"uar_[6,10]: uar",3,8,1,595561.1126,0.5955611126,369.0675,1557.8750584203149,1557.8750584203149,574961.0531235395,0.0,560849.5,686272.0,765310.4666666667,830664.5,955072.4400000002,1,1,1116982.0,453378.0,6419000000.0,0.0,10000.0,10000.0,3690675.0,426909885749.0
44,query_es2_8_1.q4.reads,query_es2_8_1,es2,q4.reads,"uar_[6,10]: uar_alllow",4,8,1,595723.2329,0.5957232329000001,369.1568,1558.6034912718203,1558.6034912718203,575369.0773067331,0.0,560344.5,684307.8,760405.0,837570.35,954197.5433333335,1,1,1127033.0,453238.0,6416000000.0,0.0,10000.0,10000.0,3691568.0,433969286868.0
45,query_es2_8_4.load.inserts,query_es2_8_4,es2,load.inserts,load,load,8,4,7741211.80687,7.741211806869998,156.5451,508.05263425290855,508.05263425290855,79533.150434385,0.0,5689099.5,8493983.600000001,12728254.933333332,18313844.699999988,41339474.02666663,4,4,572589633.0,2468717.0,196830000000.0,0.0,100000.0,100000.0,15654510.0,18989989550.0
46,query_es2_8_4.q1.reads,query_es2_8_4,es2,q1.reads,fixed_10: fixed_hf,1,8,4,537965.7883,0.5379657883,366.0,6887.052341597796,6887.052341597796,2520661.1570247933,0.0,532343.0,554952.0,567701.2,581839.25,614591.89,4,4,2735211.0,491518.0,1452000000.0,0.0,10000.0,10000.0,3660000.0,799076579344.0
47,query_es2_8_4.q2.reads,query_es2_8_4,es2,q2.reads,fixed_10: uar,2,8,4,545406.7289,0.5454067289,369.2139,6321.11651145165,6321.11651145165,2333844.0795474583,0.0,544831.0,564318.8,575050.9,584829.05,606498.8666666667,4,4,816235.0,484421.0,1581999000.0000002,0.0,10000.0,10000.0,3692139.0,805881940347.0
48,query_es2_8_4.q3.reads,query_es2_8_4,es2,q3.reads,"uar_[6,10]: uar",3,8,4,627636.629,0.627636629,369.0814,5662.517362693864,5662.517362693864,2089929.835747359,0.0,595222.0,723852.4,799185.9666666667,860562.3999999999,979060.4133333341,4,4,1319158.0,458665.0,1765998999.9999998,0.0,10000.0,10000.0,3690814.0,814915540647.0
49,query_es2_8_4.q4.reads,query_es2_8_4,es2,q4.reads,"uar_[6,10]: uar_alllow",4,8,4,626245.9294,0.6262459294,369.0998,5675.368898978433,5675.368898978433,2094777.52553916,0.0,594693.5,721183.8,792694.0,854588.2999999996,984539.1400000004,4,4,1194268.0,458107.0,1762000000.0,0.0,10000.0,10000.0,3690998.0,824794331444.0
50,query_es2_8_8.load.inserts,query_es2_8_8,es2,load.inserts,load,load,8,8,10262362.15358,10.26236215358,156.5451,753.522724387934,753.522724387934,117960.29024158156,0.0,6139215.5,11920984.600000001,18491436.166666664,26340427.4,57591637.26333313,8,8,5089071101.0,2460553.0,132709999000.00002,0.0,100000.0,100000.0,15654510.0,51628927939.0
51,query_es2_8_8.q1.reads,query_es2_8_8,es2,q1.reads,fixed_10: fixed_hf,1,8,8,596595.447,0.5965954469999999,367.0,11695.920112187267,11695.920112187267,4292402.681172727,0.0,548014.5,655145.8,708185.8,775388.45,1022766.6033333335,8,8,10340272.0,494482.0,854999000.0,0.0,10000.0,10000.0,3670000.0,1107129039495.0
52,query_es2_8_8.q2.reads,query_es2_8_8,es2,q2.reads,fixed_10: uar,2,8,8,612776.2958,0.6127762958,369.2132,10537.41890138978,10537.41890138978,3890554.1523226053,0.0,560814.0,688902.6,786150.1333333333,868458.85,1087087.0466666669,8,8,4393666.0,500635.0,948999000.0,0.0,10000.0,10000.0,3692132.0,1115398811882.0
53,query_es2_8_8.q3.reads,query_es2_8_8,es2,q3.reads,"uar_[6,10]: uar",3,8,8,680296.6113,0.6802966113000001,369.1057,10121.457489878543,10121.457489878543,3735887.6518218624,0.0,646903.5,795546.0,883728.0,974886.3999999999,1141677.3133333335,8,8,1612287.0,463960.0,988000000.0,0.0,10000.0,10000.0,3691057.0,1128208479743.0
54,query_es2_8_8.q4.reads,query_es2_8_8,es2,q4.reads,"uar_[6,10]: uar_alllow",4,8,8,680668.644,0.6806686439999999,369.1596,10060.372294137118,10060.372294137118,3713883.0119547406,0.0,650284.0,790739.8,879668.9333333333,960432.3999999999,1134575.886666667,8,8,1692809.0,471368.0,993999000.0,0.0,10000.0,10000.0,3691596.0,1141378438164.0
55,query_es2_8_16.load.inserts,query_es2_8_16,es2,load.inserts,load,load,8,16,13506926.16711,13.50692616711,156.5451,1068.2277148283647,1068.2277148283647,167225.81444057784,0.0,6534820.5,13720138.600000003,21448362.666666664,29623069.299999993,73738391.95666641,16,16,8117038287.0,2708503.0,93612999000.0,0.0,100000.0,100000.0,15654510.0,196226262637.0
56,query_es2_8_16.q1.reads,query_es2_8_16,es2,q1.reads,fixed_10: fixed_hf,1,8,16,795773.9172,0.7957739172,367.0,17152.688083513007,17152.688083513007,6295036.526649273,0.0,679825.0,950943.6000000001,1082770.4,1287408.2999999998,1662652.530000001,16,16,19326866.0,481707.0,582999000.0,0.0,10000.0,10000.0,3670000.0,1694470621893.0
57,query_es2_8_16.q2.reads,query_es2_8_16,es2,q2.reads,fixed_10: uar,2,8,16,804305.1228,0.8043051227999999,369.0379,16077.196265588853,16077.196265588853,5933094.747740752,0.0,677146.0,1016222.2000000001,1248899.3,1388445.5,1765066.2233333343,16,16,5286017.0,494276.0,621999000.0,0.0,10000.0,10000.0,3690379.0,1706587487452.0
58,query_es2_8_16.q3.reads,query_es2_8_16,es2,q3.reads,"uar_[6,10]: uar",3,8,16,910743.3227,0.9107433226999999,369.0915,14619.88304093567,14619.88304093567,5396074.561403508,0.0,810949.5,1066593.4000000001,1293305.3333333333,1474800.65,2021623.6866666689,16,16,19007637.0,475150.0,684000000.0,0.0,10000.0,10000.0,3690915.0,1727813672022.0
59,query_es2_8_16.q4.reads,query_es2_8_16,es2,q4.reads,"uar_[6,10]: uar_alllow",4,8,16,901978.7689,0.9019787689000001,369.1536,15037.593984962405,15037.593984962405,5551181.954887218,0.0,837386.0,1086723.0,1309153.0666666667,1469961.9,1948129.6066666679,16,16,11244127.0,476078.0,665000000.0,0.0,10000.0,10000.0,3691536.0,1749870139727.0
60,query_es2_16_1.load.inserts,query_es2_16_1,es2,load.inserts,load,load,16,1,3722981.4651,3.7229814650999997,156.5451,264.801054967403,264.801054967403,41453.3076299776,0.0,3722434.0,4067652.0,4285444.833333333,4540399.6,5349525.976666667,1,1,54996786.0,2313494.0,377642000000.0,0.0,100000.0,100000.0,15654510.0,5428686986.0
61,query_es2_16_1.q1.reads,query_es2_16_1,es2,q1.reads,fixed_10: fixed_hf,1,16,1,482432.6679,0.4824326679,367.0,1932.3671497584542,1932.3671497584542,709178.7439613527,0.0,481561.0,484957.0,488969.6333333333,491964.0,501519.81000000006,1,1,1717572.0,468851.0,5175000000.0,0.0,10000.0,10000.0,3670000.0,378509628371.0
62,query_es2_16_1.q2.reads,query_es2_16_1,es2,q2.reads,fixed_10: uar,2,16,1,487677.4213,0.48767742129999997,369.1339,1802.1265092809515,1802.1265092809515,665225.9866642638,0.0,487595.0,490684.6,493868.0,496930.4,506238.30666666664,1,1,708503.0,472551.0,5549000000.0,0.0,10000.0,10000.0,3691339.0,384144781263.0
63,query_es2_16_1.q3.reads,query_es2_16_1,es2,q3.reads,"uar_[6,10]: uar",3,16,1,561647.1901,0.5616471901,369.0675,1638.0019063066186,1638.0019063066186,604533.2685558179,0.0,529990.5,639261.0000000001,708073.7,769446.45,873588.1666666667,1,1,1059071.0,439264.0,6104999000.0,0.0,10000.0,10000.0,3690675.0,390193712204.0
64,query_es2_16_1.q4.reads,query_es2_16_1,es2,q4.reads,"uar_[6,10]: uar_alllow",4,16,1,564261.9737,0.5642619737,369.1568,1632.6530612244899,1632.6530612244899,602704.9795918367,0.0,533129.0,640347.2,705940.2333333334,774282.75,877969.5366666679,1,1,988466.0,444424.0,6125000000.0,0.0,10000.0,10000.0,3691568.0,396973194376.0
65,query_es2_16_4.load.inserts,query_es2_16_4,es2,load.inserts,load,load,16,4,6646475.88391,6.646475883909999,156.5451,586.7201755466765,586.7201755466765,91848.16855297204,0.0,5418290.5,7659122.0,10075208.1,14149621.999999998,24992911.18999993,4,4,167209945.0,2463999.0,170439000000.0,0.0,100000.0,100000.0,15654510.0,18481570330.0
66,query_es2_16_4.q1.reads,query_es2_16_4,es2,q1.reads,fixed_10: fixed_hf,1,16,4,525071.2792,0.5250712792,369.0,7012.627638588807,7012.627638588807,2587659.59863927,0.0,523699.0,536786.0,545368.6333333333,553201.2,570278.0933333335,4,4,2730575.0,488023.0,1425999000.0,0.0,10000.0,10000.0,3690000.0,692579983345.0
67,query_es2_16_4.q2.reads,query_es2_16_4,es2,q2.reads,fixed_10: uar,2,16,4,526277.5447,0.5262775447000001,369.0995,6574.626281805577,6574.626281805577,2426691.2733012973,0.0,524700.0,538910.6000000001,549337.0666666667,558944.45,581255.9366666669,4,4,768440.0,492216.0,1520999000.0,0.0,10000.0,10000.0,3690995.0,699140290851.0
68,query_es2_16_4.q3.reads,query_es2_16_4,es2,q3.reads,"uar_[6,10]: uar",3,16,4,620753.438,0.620753438,369.1002,5720.823798627002,5720.823798627002,2111557.208237986,0.0,587735.5,715238.2,784936.1,843360.25,968728.7866666666,4,4,1138104.0,460479.0,1748000000.0,0.0,10000.0,10000.0,3691002.0,707684192084.0
69,query_es2_16_4.q4.reads,query_es2_16_4,es2,q4.reads,"uar_[6,10]: uar_alllow",4,16,4,631553.867,0.631553867,369.1783,5599.104143337066,5599.104143337066,2067067.7491601342,0.0,603181.5,725135.6000000001,794366.3999999999,854233.5,1061981.9900000002,4,4,1305915.0,459830.0,1786000000.0,0.0,10000.0,10000.0,3691783.0,717243722860.0
70,query_es2_16_8.load.inserts,query_es2_16_8,es2,load.inserts,load,load,16,8,6893302.96172,6.89330296172,156.5451,1103.582240090739,1103.582240090739,172760.39213322877,0.0,5162351.5,7104792.600000001,11452052.966666667,16832101.749999978,27607197.176666655,8,8,555237144.0,2424076.0,90613999000.0,0.0,100000.0,100000.0,15654510.0,53006694812.0
71,query_es2_16_8.q1.reads,query_es2_16_8,es2,q1.reads,fixed_10: fixed_hf,1,16,8,573518.6478,0.5735186478000001,364.0,12106.537530266345,12106.537530266345,4406779.661016949,0.0,550198.0,586091.8,644714.3,727619.1999999997,895687.3266666671,8,8,10371216.0,487700.0,826000000.0,0.0,10000.0,10000.0,3640000.0,772603334030.0
72,query_es2_16_8.q2.reads,query_es2_16_8,es2,q2.reads,fixed_10: uar,2,16,8,576033.4567,0.5760334567,368.9376,11848.341232227489,11848.341232227489,4371298.578199052,0.0,552975.0,586255.6000000001,666889.3666666667,757511.7999999998,917265.8566666669,8,8,1310552.0,493263.0,844000000.0,0.0,10000.0,10000.0,3689376.0,780703285171.0
73,query_es2_16_8.q3.reads,query_es2_16_8,es2,q3.reads,"uar_[6,10]: uar",3,16,8,686089.3502,0.6860893502,369.0168,10351.966873706004,10351.966873706004,3820049.689440994,0.0,643953.0,818947.6,908125.0333333332,977947.4999999999,1117448.830000001,8,8,1430928.0,467360.0,966000000.0,0.0,10000.0,10000.0,3690168.0,792972047169.0
74,query_es2_16_8.q4.reads,query_es2_16_8,es2,q4.reads,"uar_[6,10]: uar_alllow",4,16,8,685059.282,0.685059282,369.0402,10405.8380914028,10405.8380914028,3840172.570418908,0.0,645582.0,811605.4,911065.9333333332,980448.6499999999,1122069.6533333336,8,8,1384134.0,468853.0,960999000.0,0.0,10000.0,10000.0,3690402.0,806251553982.0
75,query_es2_16_16.load.inserts,query_es2_16_16,es2,load.inserts,load,load,16,16,10047824.75656,10.047824756559999,156.5451,1510.8478878346527,1510.8478878346527,236515.8336858645,0.0,6298931.0,11951024.2,17966613.999999993,25235450.749999993,46356892.17999991,16,16,3098176363.0,2648210.0,66188000000.0,0.0,100000.0,100000.0,15654510.0,181087318891.0
76,query_es2_16_16.q1.reads,query_es2_16_16,es2,q1.reads,fixed_10: fixed_hf,1,16,16,757275.26,0.7572752600000001,369.0,18214.96942617382,18214.96942617382,6721323.718258139,0.0,653495.0,900568.8,1031347.6666666666,1251937.1999999988,1687232.4466666682,16,16,20137803.0,487429.0,548999000.0,0.0,10000.0,10000.0,3690000.0,1238296750522.0
77,query_es2_16_16.q2.reads,query_es2_16_16,es2,q2.reads,fixed_10: uar,2,16,16,792146.8822,0.7921468822000001,369.2155,16891.891891891893,16891.891891891893,6236748.310810811,0.0,680772.5,935504.6000000001,1102227.7333333334,1308374.7,1841283.6700000013,16,16,17794049.0,495601.0,592000000.0,0.0,10000.0,10000.0,3692155.0,1249567219255.0
78,query_es2_16_16.q3.reads,query_es2_16_16,es2,q3.reads,"uar_[6,10]: uar",3,16,16,889649.6641,0.8896496641,369.1851,15873.041068319157,15873.041068319157,5860090.254111514,0.0,779487.5,1040161.6,1256155.3333333333,1422348.25,2032541.0833333335,16,16,18575776.0,470001.0,629999000.0,0.0,10000.0,10000.0,3691851.0,1269320973686.0
79,query_es2_16_16.q4.reads,query_es2_16_16,es2,q4.reads,"uar_[6,10]: uar_alllow",4,16,16,895965.218,0.8959652180000001,369.2035,14880.95238095238,14880.95238095238,5494099.702380952,0.0,789431.5,1065649.4000000001,1294598.6666666665,1466027.9999999995,2034250.1100000003,16,16,18254384.0,459294.0,672000000.0,0.0,10000.0,10000.0,3692035.0,1289577008943.0
80,query_es3_1_1.load.inserts,query_es3_1_1,es3,load.inserts,load,load,1,1,4049745.46513,4.04974546513,156.5451,243.93932741048647,243.93932741048647,38187.506403407344,0.0,3919259.0,4556742.600000001,5002124.1,5534858.3999999985,7493561.139999998,1,1,57858729.0,2323502.0,409938000000.0,0.0,100000.0,100000.0,15654510.0,5052895447.0
81,query_es3_1_1.q1.reads,query_es3_1_1,es3,q1.reads,fixed_1: fixed_hf,1,1,1,7186788.0574,7.186788057400001,355.0,138.47346848343858,138.47346848343858,49158.0813116207,0.0,7176913.0,7210558.600000001,7231440.5,7244926.85,7316459.946666667,1,1,8333504.0,7112099.0,72216000000.0,0.0,10000.0,10000.0,3550000.0,410799697658.0
82,query_es3_1_1.q2.reads,query_es3_1_1,es3,q2.reads,fixed_1: uar,2,1,1,1400680.757,1.4006807570000002,367.4312,682.5939032487306,682.5939032487306,250806.296983365,0.0,777988.0,798431.2,833950.8666666667,1098646.9999999995,22511352.993333332,1,1,92574119.0,739130.0,14649999000.0,0.0,10000.0,10000.0,3674312.0,483450170963.0
83,query_es3_1_1.q3.reads,query_es3_1_1,es3,q3.reads,"uar_[1,5]: uar",3,1,1,1236373.8419,1.2363738418999999,367.8117,779.1803023219574,779.1803023219574,286591.6316035531,0.0,769734.0,787982.6000000001,811912.8666666667,965247.1,7337048.336666672,1,1,91374490.0,471543.0,12834000000.0,0.0,10000.0,10000.0,3678117.0,498615692830.0
84,query_es3_1_1.q4.reads,query_es3_1_1,es3,q4.reads,"uar_[1,5]: uar_alllow",4,1,1,745105.1516,0.7451051516000001,368.1116,1263.4238787113077,1263.4238787113077,465080.9854706254,0.0,757348.5,772755.2,788614.9666666667,830879.2499999999,1277748.2666666682,1,1,2095078.0,468819.0,7915000000.0,0.0,10000.0,10000.0,3681116.0,512127077192.0
85,query_es3_1_4.load.inserts,query_es3_1_4,es3,load.inserts,load,load,1,4,12573785.40806,12.573785408060001,156.5451,309.09034806382823,309.09034806382823,48386.5794466868,0.0,5416471.0,10243457.400000004,17264259.233333327,24174260.349999998,62674235.37333308,4,4,15148021322.0,2478287.0,323529999000.0,0.0,100000.0,100000.0,15654510.0,14695996400.0
86,query_es3_1_4.q1.reads,query_es3_1_4,es3,q1.reads,fixed_1: fixed_hf,1,1,4,7450859.9714,7.4508599714,355.0,534.1595285593467,534.1595285593467,189626.63263856806,0.0,7441067.0,7531436.6,7589692.6,7643460.35,7740348.263333334,4,4,8834246.0,7149190.0,18720999000.0,0.0,10000.0,10000.0,3550000.0,1304807871783.0
87,query_es3_1_4.q2.reads,query_es3_1_4,es3,q2.reads,fixed_1: uar,2,1,4,1391810.9067,1.3918109067000002,367.446,2593.3609958506227,2593.3609958506227,952920.1244813278,0.0,787840.5,814188.6000000001,849907.9,1044925.4999999997,22996120.156666666,4,4,98391892.0,722331.0,3856000000.0,0.0,10000.0,10000.0,3674460.0,1380552186841.0
88,query_es3_1_4.q3.reads,query_es3_1_4,es3,q3.reads,"uar_[1,5]: uar",3,1,4,1331016.5674,1.3310165674,367.805,2637.130801687764,2637.130801687764,969949.894514768,0.0,781666.0,808415.8,836439.8,964397.8999999992,22458825.886666678,4,4,96877186.0,444218.0,3792000000.0,0.0,10000.0,10000.0,3678050.0,1398421122950.0
89,query_es3_1_4.q4.reads,query_es3_1_4,es3,q4.reads,"uar_[1,5]: uar_alllow",4,1,4,759431.9696,0.7594319696,368.1289,4901.9607843137255,4901.9607843137255,1804553.431372549,0.0,768858.0,792231.6000000001,811038.7666666666,849837.6,1470138.573333339,4,4,2151534.0,459553.0,2040000000.0,0.0,10000.0,10000.0,3681289.0,1416141888144.0
90,query_es3_1_8.load.inserts,query_es3_1_8,es3,load.inserts,load,load,1,8,16508638.78912,16.50863878912,156.5451,456.0441815603096,456.0441815603096,71391.48200677682,0.0,6073946.0,15774488.8,23784931.766666666,34828561.999999985,96938241.53999999,8,8,11105757045.0,2528588.0,219277000000.0,0.0,100000.0,100000.0,15654510.0,47043355722.0
91,query_es3_1_8.q1.reads,query_es3_1_8,es3,q1.reads,fixed_1: fixed_hf,1,1,8,7488918.698,7.488918698,355.0,1052.853232259423,1052.853232259423,373762.89745209523,0.0,7456146.0,7541755.2,7598800.066666667,7656013.050000001,7883370.793333334,8,8,14678540.0,7175399.0,9498000000.0,0.0,10000.0,10000.0,3550000.0,1798245404689.0
92,query_es3_1_8.q2.reads,query_es3_1_8,es3,q2.reads,fixed_1: uar,2,1,8,1517662.8929,1.5176628928999998,367.5353,4418.912947414936,4418.912947414936,1624106.4958020328,0.0,799722.5,852558.6,929510.0666666667,1218942.4499999997,23310031.753333356,8,8,114934379.0,719259.0,2263000000.0,0.0,10000.0,10000.0,3675353.0,1875511951616.0
93,query_es3_1_8.q3.reads,query_es3_1_8,es3,q3.reads,"uar_[1,5]: uar",3,1,8,1343514.5993,1.3435145993000002,367.7032,4646.840148698884,4646.840148698884,1708657.9925650556,0.0,791185.0,838869.4,905891.9666666668,1088053.4499999997,22883946.540000014,8,8,110620978.0,452827.0,2152000000.0,0.0,10000.0,10000.0,3677032.0,1898638529913.0
94,query_es3_1_8.q4.reads,query_es3_1_8,es3,q4.reads,"uar_[1,5]: uar_alllow",4,1,8,798729.9855,0.7987299855,367.9303,9057.971014492752,9057.971014492752,3332701.992753623,0.0,793634.0,839669.2,881014.0,953326.0999999999,1521237.7100000023,8,8,2357916.0,465462.0,1104000000.0,0.0,10000.0,10000.0,3679303.0,1920918023243.0
95,query_es3_1_16.load.inserts,query_es3_1_16,es3,load.inserts,load,load,1,16,26701363.46181,26.70136346181,156.5451,551.0491976723681,551.0491976723681,86264.05175454065,0.0,7645127.5,17276976.6,26326670.233333327,50311486.19999997,286793529.68666667,16,16,21136905026.0,2537002.0,181472000000.0,0.0,100000.0,100000.0,15654510.0,187008112905.0
96,query_es3_1_16.q1.reads,query_es3_1_16,es3,q1.reads,fixed_1: fixed_hf,1,1,16,14633433.1605,14.633433160500001,355.0,1071.237279057311,1071.237279057311,380289.23406534543,0.0,14697928.5,14976985.600000001,17129698.466666665,22124982.45,29119754.49000002,16,16,47735598.0,7360513.0,9335000000.0,0.0,10000.0,10000.0,3550000.0,3094104607533.0
97,query_es3_1_16.q2.reads,query_es3_1_16,es3,q2.reads,fixed_1: uar,2,1,16,2312186.7777,2.3121867777000005,367.2821,5271.484065094393,5271.484065094393,1936121.7375444055,0.0,910787.0,1264640.0000000002,2015507.6666666665,3917424.8999999985,32451216.71000025,16,16,219891914.0,750724.0,1896999000.0,0.0,10000.0,10000.0,3672821.0,3246145212233.0
98,query_es3_1_16.q3.reads,query_es3_1_16,es3,q3.reads,"uar_[1,5]: uar",3,1,16,1888701.9268,1.8887019268,367.7644,6973.50069735007,6973.50069735007,2564605.29986053,0.0,916773.5,1255703.4000000001,1743946.5,2588965.0999999996,20754622.15000018,16,16,240593133.0,483506.0,1434000000.0,0.0,10000.0,10000.0,3677644.0,3287340218836.0
99,query_es3_1_16.q4.reads,query_es3_1_16,es3,q4.reads,"uar_[1,5]: uar_alllow",4,1,16,1119571.0518,1.1195710518,368.0519,12820.51282051282,12820.51282051282,4718614.102564102,0.0,983320.0,1331180.2,1587747.7333333334,1856872.2999999998,2588328.9366666717,16,16,18098930.0,490784.0,780000000.0,0.0,10000.0,10000.0,3680519.0,3320990038543.0
100,query_es3_4_1.load.inserts,query_es3_4_1,es3,load.inserts,load,load,4,1,3641258.24835,3.6412582483500002,156.5451,270.67848341736584,270.67848341736584,42373.39025441988,0.0,3627514.5,3958719.4,4110097.533333333,4242361.199999999,4701411.796666665,1,1,55545261.0,2196933.0,369441999000.0,0.0,100000.0,100000.0,15654510.0,5400484384.0
101,query_es3_4_1.q1.reads,query_es3_4_1,es3,q1.reads,fixed_1: fixed_hf,1,4,1,7251985.3334,7.2519853333999995,355.0,137.19114842710349,137.19114842710349,48702.857691621735,0.0,7241670.0,7261945.0,7296593.033333333,7325299.050000001,7443654.84,1,1,8419213.0,7193613.0,72891000000.0,0.0,10000.0,10000.0,3550000.0,370358569793.0
102,query_es3_4_1.q2.reads,query_es3_4_1,es3,q2.reads,fixed_1: uar,2,4,1,1558330.0608,1.5583300608,367.5738,614.7792942333703,614.7792942333703,225976.76134267802,0.0,945371.0,970939.6,1003564.1333333333,1260105.2999999998,22497906.73000002,1,1,91853753.0,885211.0,16265999999.999998,0.0,10000.0,10000.0,3675738.0,443700888338.0
103,query_es3_4_1.q3.reads,query_es3_4_1,es3,q3.reads,"uar_[1,5]: uar",3,4,1,1378952.8171,1.3789528170999998,367.858,699.9860492780379,699.9860492780379,257495.46811532046,0.0,935369.0,957744.0,984690.9666666668,1153274.2499999995,7412945.730000003,1,1,89722857.0,456394.0,14285999000.0,0.0,10000.0,10000.0,3678580.0,460467231516.0
104,query_es3_4_1.q4.reads,query_es3_4_1,es3,q4.reads,"uar_[1,5]: uar_alllow",4,4,1,886889.4114,0.8868894114000001,368.117,1068.604516841688,1068.604516841688,393371.4889262117,0.0,915512.0,932950.2,948969.7,993178.7999999999,1430760.866666669,1,1,2208173.0,458077.0,9357999000.0,0.0,10000.0,10000.0,3681170.0,475425686240.0
105,query_es3_4_4.load.inserts,query_es3_4_4,es3,load.inserts,load,load,4,4,8893106.24514,8.893106245139998,156.5451,439.1377111226455,439.1377111226455,68744.85690146565,0.0,5336467.0,9414181.2,15503842.7,23334459.15,52686291.44999989,4,4,4099151258.0,2375780.0,227718999000.0,0.0,100000.0,100000.0,15654510.0,15537174718.0
106,query_es3_4_4.q1.reads,query_es3_4_4,es3,q1.reads,fixed_1: fixed_hf,1,4,4,7871232.5256,7.871232525600001,355.0,506.0728744939271,506.0728744939271,179655.8704453441,0.0,7862356.0,7961117.8,8035764.966666667,8104609.300000001,8229533.13,4,4,9019534.0,7484436.0,19760000000.0,0.0,10000.0,10000.0,3550000.0,921539473274.0
107,query_es3_4_4.q2.reads,query_es3_4_4,es3,q2.reads,fixed_1: uar,2,4,4,1682268.8982,1.6822688982,367.4343,2226.67557336896,2226.67557336896,818156.9806279226,0.0,1056103.5,1101342.6,1148962.0666666667,1312252.5999999996,23548686.260000013,4,4,97882543.0,927172.0,4491000000.0,0.0,10000.0,10000.0,3674343.0,1001439677345.0
108,query_es3_4_4.q3.reads,query_es3_4_4,es3,q3.reads,"uar_[1,5]: uar",3,4,4,1610127.9667,1.6101279667,367.6909,2293.052578090479,2293.052578090479,843134.5661854085,0.0,1039558.0,1079524.0,1121345.0333333332,1276947.3999999992,23263520.240000024,4,4,97697312.0,465379.0,4360999000.0,0.0,10000.0,10000.0,3676909.0,1021825910374.0
109,query_es3_4_4.q4.reads,query_es3_4_4,es3,q4.reads,"uar_[1,5]: uar_alllow",4,4,4,996742.397,0.996742397,368.0407,3725.7824143070043,3725.7824143070043,1371239.56780924,0.0,1018470.5,1065306.6,1127584.9333333333,1236822.4,1584150.050000011,4,4,2483579.0,458101.0,2684000000.0,0.0,10000.0,10000.0,3680407.0,1041817300245.0
110,query_es3_4_8.load.inserts,query_es3_4_8,es3,load.inserts,load,load,4,8,12492471.81944,12.49247181944,156.5451,615.7407977537775,615.7407977537775,96391.20475844489,0.0,6120012.0,13648292.200000007,22814625.4,28096643.849999998,63814824.753333315,8,8,6098088575.0,2429629.0,162406000000.0,0.0,100000.0,100000.0,15654510.0,54056006134.0
111,query_es3_4_8.q1.reads,query_es3_4_8,es3,q1.reads,fixed_1: fixed_hf,1,4,8,7706551.1578,7.706551157800001,355.0,1027.327000958188,1027.327000958188,364701.0853401567,0.0,7666175.0,7751986.6,7814624.466666667,7873977.3,8289426.270000013,8,8,19067683.0,7323150.0,9733999000.0,0.0,10000.0,10000.0,3550000.0,1347911348510.0
112,query_es3_4_8.q2.reads,query_es3_4_8,es3,q2.reads,fixed_1: uar,2,4,8,1729863.76,1.7298637599999998,367.3643,3895.597974289053,3895.597974289053,1431103.622906116,0.0,1038964.0,1113432.8,1320493.8666666667,1594606.6999999997,23286914.766666673,8,8,112334184.0,916211.0,2567000000.0,0.0,10000.0,10000.0,3673643.0,1427430434889.0
113,query_es3_4_8.q3.reads,query_es3_4_8,es3,q3.reads,"uar_[1,5]: uar",3,4,8,1630185.6128,1.6301856127999999,367.7987,4127.115146512588,4127.115146512588,1517947.5856376393,0.0,1025709.0,1111513.0,1317609.1666666665,1571008.0499999998,23423446.890000027,8,8,116750110.0,471828.0,2423000000.0,0.0,10000.0,10000.0,3677987.0,1453601017088.0
114,query_es3_4_8.q4.reads,query_es3_4_8,es3,q4.reads,"uar_[1,5]: uar_alllow",4,4,8,987973.6356,0.9879736356,368.0479,7199.429229250704,7199.429229250704,2649734.8090243405,0.0,1004081.5,1073106.2,1165782.2666666666,1268773.6,1735109.3000000012,8,8,2721115.0,475184.0,1388999000.0,0.0,10000.0,10000.0,3680479.0,1478635543108.0
115,query_es3_4_16.load.inserts,query_es3_4_16,es3,load.inserts,load,load,4,16,15796274.16376,15.79627416376,156.5451,935.1037965214139,935.1037965214139,146385.91733682438,0.0,6510801.5,16191824.40000001,24308307.03333333,34761483.29999997,96586859.8866666,16,16,11122278581.0,2683778.0,106940000000.0,0.0,100000.0,100000.0,15654510.0,186076401886.0
116,query_es3_4_16.q1.reads,query_es3_4_16,es3,q1.reads,fixed_1: fixed_hf,1,4,16,14888694.3096,14.8886943096,355.0,1028.172016057168,1028.172016057168,365001.0657002946,0.0,15109927.5,15365984.4,20464298.5,22883955.599999998,30394880.81666667,16,16,85223193.0,7416381.0,9725999000.0,0.0,10000.0,10000.0,3550000.0,1898262131905.0
117,query_es3_4_16.q2.reads,query_es3_4_16,es3,q2.reads,fixed_1: uar,2,4,16,2662779.4989,2.6627794989,367.4566,4589.263235090975,4589.263235090975,1686355.0648715303,0.0,1299251.5,1577558.2000000002,2592564.433333333,5056187.849999997,31997575.16333355,16,16,197559236.0,936348.0,2178999000.0,0.0,10000.0,10000.0,3674566.0,2056509362314.0
118,query_es3_4_16.q3.reads,query_es3_4_16,es3,q3.reads,"uar_[1,5]: uar",3,4,16,2188745.6193,2.1887456192999997,367.8483,5411.255411255412,5411.255411255412,1990521.103896104,0.0,1188225.5,1533754.8,2238574.233333333,3446924.6499999953,20197926.336666726,16,16,213812974.0,480789.0,1847999999.9999998,0.0,10000.0,10000.0,3678483.0,2102107515377.0
119,query_es3_4_16.q4.reads,query_es3_4_16,es3,q4.reads,"uar_[1,5]: uar_alllow",4,4,16,1380136.5257,1.3801365257,368.0882,10559.662090813095,10559.662090813095,3886887.0116156284,0.0,1310644.5,1621311.0,2006441.3333333333,2303384.4499999997,3170419.393333336,16,16,6877886.0,492292.0,947000000.0,0.0,10000.0,10000.0,3680882.0,2142291550727.0
120,query_es3_8_1.load.inserts,query_es3_8_1,es3,load.inserts,load,load,8,1,3740873.72996,3.74087372996,156.5451,263.68596056840147,263.68596056840147,41278.745065776464,0.0,3695670.5,4113906.5999999996,4377165.633333333,4675054.7,5550992.51,1,1,56439707.0,2195594.0,379239000000.0,0.0,100000.0,100000.0,15654510.0,5235355580.0
121,query_es3_8_1.q1.reads,query_es3_8_1,es3,q1.reads,fixed_1: fixed_hf,1,8,1,7565756.9891,7.5657569891000005,355.0,131.58760444766102,131.58760444766102,46713.59957891966,0.0,7558346.0,7589871.199999999,7603656.966666667,7616926.050000001,7791486.34,1,1,8453895.0,7493795.0,75995000000.0,0.0,10000.0,10000.0,3550000.0,380082625425.0
122,query_es3_8_1.q2.reads,query_es3_8_1,es3,q2.reads,fixed_1: uar,2,8,1,1834432.8403,1.8344328402999999,367.479,526.7316302343955,526.7316302343955,193562.81274690546,0.0,1214519.5,1246441.6,1282968.1666666667,1522999.9,23281512.466666676,1,1,94474241.0,1132918.0,18985000000.0,0.0,10000.0,10000.0,3674790.0,456520784602.0
123,query_es3_8_1.q3.reads,query_es3_8_1,es3,q3.reads,"uar_[1,5]: uar",3,8,1,1589399.1988,1.5893991988,367.7303,611.134877467457,611.134877467457,224732.81183157122,0.0,1206819.0,1237204.2000000002,1266909.2333333334,1410908.4499999997,7837174.806666669,1,1,91597240.0,455394.0,16363000000.0,0.0,10000.0,10000.0,3677303.0,476017098601.0
124,query_es3_8_1.q4.reads,query_es3_8_1,es3,q4.reads,"uar_[1,5]: uar_alllow",4,8,1,1076282.605,1.076282605,368.0466,890.7892392659896,890.7892392659896,327851.95082843397,0.0,1173777.5,1193438.6,1212428.0666666667,1244598.7,1695011.1633333336,1,1,2495776.0,454114.0,11226000000.0,0.0,10000.0,10000.0,3680466.0,493050458858.0
125,query_es3_8_4.load.inserts,query_es3_8_4,es3,load.inserts,load,load,8,4,8503674.03241,8.50367403241,156.5451,456.58973129694317,456.58973129694317,71476.88514485309,0.0,6328055.0,9445433.800000006,14149702.499999996,20239620.499999996,42001295.77999996,4,4,1086444381.0,2604102.0,219015000000.0,0.0,100000.0,100000.0,15654510.0,16543176391.0
126,query_es3_8_4.q1.reads,query_es3_8_4,es3,q1.reads,fixed_1: fixed_hf,1,8,4,8061518.6856,8.0615186856,355.0,492.0533627935523,492.0533627935523,174678.94379171106,0.0,8045713.5,8161404.0,8234773.199999999,8295108.65,8422618.63,4,4,10643165.0,7709653.0,20322999000.0,0.0,10000.0,10000.0,3550000.0,887913638302.0
127,query_es3_8_4.q2.reads,query_es3_8_4,es3,q2.reads,fixed_1: uar,2,8,4,1895333.8826,1.8953338826,367.5314,1953.125,1953.125,717834.765625,0.0,1291150.0,1344696.4,1398407.0333333334,1574248.4499999997,23819073.226666693,4,4,99951785.0,1165768.0,5120000000.0,0.0,10000.0,10000.0,3675314.0,970213887695.0
128,query_es3_8_4.q3.reads,query_es3_8_4,es3,q3.reads,"uar_[1,5]: uar",3,8,4,1773333.2542,1.7733332542,367.7969,2068.680609987714,2068.680609987714,760854.3154435903,0.0,1280386.0,1333214.6,1391148.7999999998,1511411.45,23686791.00333334,4,4,99942719.0,479732.0,4833999000.0,0.0,10000.0,10000.0,3677969.0,993413283923.0
129,query_es3_8_4.q4.reads,query_es3_8_4,es3,q4.reads,"uar_[1,5]: uar_alllow",4,8,4,1160275.2154,1.1602752154000002,368.05,3236.245954692557,3236.245954692557,1191100.3236245955,0.0,1252005.0,1287216.0,1319160.4,1373750.7999999998,1973350.4933333364,4,4,2707516.0,484278.0,3090000000.0,0.0,10000.0,10000.0,3680500.0,1015583242083.0
130,query_es3_8_8.load.inserts,query_es3_8_8,es3,load.inserts,load,load,8,8,9890316.39015,9.89031639015,156.5451,770.9149218292268,770.9149218292268,120682.95352924851,0.0,5847885.5,11408192.0,17703156.466666665,25715110.099999994,55889728.043333285,8,8,5094232825.0,2571805.0,129716000000.00002,0.0,100000.0,100000.0,15654510.0,49545367086.0
131,query_es3_8_8.q1.reads,query_es3_8_8,es3,q1.reads,fixed_1: fixed_hf,1,8,8,8275753.0276,8.2757530276,355.0,955.8402748843696,955.8402748843696,339323.2975839512,0.0,8164592.0,8310476.8,8431748.833333334,8582166.149999999,11802004.673333334,8,8,18797703.0,7728975.0,10461999000.0,0.0,10000.0,10000.0,3550000.0,1081701734594.0
132,query_es3_8_8.q2.reads,query_es3_8_8,es3,q2.reads,fixed_1: uar,2,8,8,2079278.9355,2.0792789355,367.2449,3249.919808228732,3249.919808228732,1193516.47498098,0.0,1345778.0,1444510.6,1899710.9,2118461.1499999994,24173638.83666667,8,8,113320526.0,1185189.0,3076999000.0,0.0,10000.0,10000.0,3672449.0,1166813160693.0
133,query_es3_8_8.q3.reads,query_es3_8_8,es3,q3.reads,"uar_[1,5]: uar",3,8,8,1876570.8298,1.8765708298000001,367.8253,3582.945180938732,3582.945180938732,1317897.8860623434,0.0,1327665.0,1393345.8,1653812.2,2042123.4499999997,24208547.076666676,8,8,107994816.0,477524.0,2791000000.0,0.0,10000.0,10000.0,3678253.0,1196501343456.0
134,query_es3_8_8.q4.reads,query_es3_8_8,es3,q4.reads,"uar_[1,5]: uar_alllow",4,8,8,1253948.7586,1.2539487586,368.0869,5941.774178118941,5941.774178118941,2187089.237723849,0.0,1305754.0,1351748.0,1465259.2333333334,1888672.65,2281982.150000004,8,8,4239506.0,480387.0,1682999000.0000002,0.0,10000.0,10000.0,3680869.0,1223925938442.0
135,query_es3_8_16.load.inserts,query_es3_8_16,es3,load.inserts,load,load,8,16,12752286.98393,12.752286983929999,156.5451,1181.460535455164,1181.460535455164,184951.8576688822,0.0,6128476.5,13033780.600000009,20600440.633333333,28226903.199999988,78030503.74999675,16,16,5090727730.0,2355641.0,84640999000.0,0.0,100000.0,100000.0,15654510.0,189600972400.0
136,query_es3_8_16.q1.reads,query_es3_8_16,es3,q1.reads,fixed_1: fixed_hf,1,8,16,15489930.3547,15.489930354699998,355.0,1007.8613182826042,1007.8613182826042,357790.76799032453,0.0,15565026.0,15908224.600000001,21437452.099999994,23542839.2,31369113.533333346,16,16,60380731.0,7736640.0,9922000000.0,0.0,10000.0,10000.0,3550000.0,1545396218463.0
137,query_es3_8_16.q2.reads,query_es3_8_16,es3,q2.reads,fixed_1: uar,2,8,16,3154202.0178,3.1542020178000003,367.2238,4027.3862263391056,4027.3862263391056,1478952.0741039065,0.0,1882830.5,2124189.6,3268421.2,5407514.049999998,32670494.043333594,16,16,202978356.0,1177254.0,2483000000.0,0.0,10000.0,10000.0,3672238.0,1706860424051.0
138,query_es3_8_16.q3.reads,query_es3_8_16,es3,q3.reads,"uar_[1,5]: uar",3,8,16,2666312.1101,2.6663121101000002,367.7362,5047.958126177752,5047.958126177752,1856316.939079727,0.0,1772216.0,2275637.0,3257321.1,4925019.1,20785028.08000016,16,16,205940782.0,470395.0,1980999000.0,0.0,10000.0,10000.0,3677362.0,1757529557151.0
139,query_es3_8_16.q4.reads,query_es3_8_16,es3,q4.reads,"uar_[1,5]: uar_alllow",4,8,16,1889538.556,1.889538556,367.972,8032.134965570253,8032.134965570253,2955600.767550817,0.0,1855463.0,2262924.400000001,2874554.9,3229032.8500000006,4549993.096666668,16,16,16914267.0,492639.0,1244999000.0,0.0,10000.0,10000.0,3679720.0,1800039406258.0
140,query_es3_16_1.load.inserts,query_es3_16_1,es3,load.inserts,load,load,16,1,4009771.21408,4.00977121408,156.5451,246.26356665065188,246.26356665065188,38551.354667682965,0.0,3902111.0,4504734.800000001,4924654.433333334,5412673.85,7360600.603333324,1,1,58412546.0,2340617.0,406068999000.0,0.0,100000.0,100000.0,15654510.0,5184762149.0
141,query_es3_16_1.q1.reads,query_es3_16_1,es3,q1.reads,fixed_1: fixed_hf,1,16,1,8038348.2454,8.0383482454,355.0,123.8543472875898,123.8543472875898,43968.29328709438,0.0,8029651.0,8050927.0,8066631.0,8094484.55,8219337.043333333,1,1,9091291.0,7982129.0,80740000000.0,0.0,10000.0,10000.0,3550000.0,406940275235.0
142,query_es3_16_1.q2.reads,query_es3_16_1,es3,q2.reads,fixed_1: uar,2,16,1,2364602.7996,2.3646027996,367.3666,409.81928649724546,409.81928649724546,150553.917894919,0.0,1738834.0,1792084.4,1846109.9666666668,2061422.7499999995,23673161.30666668,1,1,98288044.0,1608618.0,24400999000.0,0.0,10000.0,10000.0,3673666.0,488230019717.0
143,query_es3_16_1.q3.reads,query_es3_16_1,es3,q3.reads,"uar_[1,5]: uar",3,16,1,2030904.285,2.0309042849999996,367.734,479.06488833308845,479.06488833308845,176168.44764627994,0.0,1744384.5,1797392.8,1842661.0333333332,1982652.799999999,8371183.296666678,1,1,92845713.0,471486.0,20873999000.0,0.0,10000.0,10000.0,3677340.0,513178090445.0
144,query_es3_16_1.q4.reads,query_es3_16_1,es3,q4.reads,"uar_[1,5]: uar_alllow",4,16,1,1486385.884,1.4863858840000002,368.0639,648.5084306095979,648.5084306095979,238692.54215304798,0.0,1665589.0,1730122.6,1768776.8333333335,1805518.5,2235528.090000021,1,1,3087320.0,470420.0,15420000000.0,0.0,10000.0,10000.0,3680639.0,534778123535.0
145,query_es3_16_4.load.inserts,query_es3_16_4,es3,load.inserts,load,load,16,4,6334671.0913,6.3346710913,156.5451,595.7167997838549,595.7167997838549,93256.54599384354,0.0,5324179.5,7024608.4,9830027.799999999,12740561.849999996,22638943.599999957,4,4,97030101.0,2390561.0,167864999000.0,0.0,100000.0,100000.0,15654510.0,15402533945.0
146,query_es3_16_4.q1.reads,query_es3_16_4,es3,q1.reads,fixed_1: fixed_hf,1,16,4,8815177.0094,8.815177009400001,355.0,452.0591293341169,452.0591293341169,160480.99091361152,0.0,8812517.0,8958098.6,9022945.766666668,9058204.8,9130425.766666668,4,4,9904961.0,8193782.0,22121000000.0,0.0,10000.0,10000.0,3550000.0,682220616831.0
147,query_es3_16_4.q2.reads,query_es3_16_4,es3,q2.reads,fixed_1: uar,2,16,4,2457530.4187,2.4575304187,367.6277,1528.818457241776,1528.818457241776,562036.0131533424,0.0,1833506.0,1899262.8,1960677.9,2103028.4,24371709.52666668,4,4,99301044.0,1579893.0,6540999000.0,0.0,10000.0,10000.0,3676277.0,771560421995.0
148,query_es3_16_4.q3.reads,query_es3_16_4,es3,q3.reads,"uar_[1,5]: uar",3,16,4,2241562.2602,2.2415622602,367.7675,1670.844055278873,1670.844055278873,614482.1410997729,0.0,1818909.5,1888186.7999999998,1940083.1,2038825.35,24241581.360000007,4,4,100708626.0,475703.0,5984999000.0,0.0,10000.0,10000.0,3677675.0,800165315277.0
149,query_es3_16_4.q4.reads,query_es3_16_4,es3,q4.reads,"uar_[1,5]: uar_alllow",4,16,4,1592041.1636,1.5920411636,368.0642,2398.0815347721823,2398.0815347721823,882647.9616306955,0.0,1795025.0,1837073.4,1866958.9666666666,1912372.8499999999,2332036.0333333346,4,4,3231455.0,476983.0,4170000000.0,0.0,10000.0,10000.0,3680642.0,826657792014.0
150,query_es3_16_8.load.inserts,query_es3_16_8,es3,load.inserts,load,load,16,8,8932824.86111,8.932824861110001,156.5451,856.4356932969836,856.4356932969836,134070.81125074564,0.0,6233045.0,10156819.400000002,15183266.933333334,22190564.4,46351680.82999997,8,8,1085491682.0,2451699.0,116762999000.0,0.0,100000.0,100000.0,15654510.0,54986118090.0
151,query_es3_16_8.q1.reads,query_es3_16_8,es3,q1.reads,fixed_1: fixed_hf,1,16,8,8955825.809,8.955825809,355.0,875.8869121386451,875.8869121386451,310939.853809219,0.0,8677422.0,9011223.8,9231488.3,9939970.049999997,16093454.366666682,8,8,28788592.0,8162974.0,11416999000.0,0.0,10000.0,10000.0,3550000.0,982261748227.0
152,query_es3_16_8.q2.reads,query_es3_16_8,es3,q2.reads,fixed_1: uar,2,16,8,2559317.9597,2.5593179597000004,367.4753,2691.790040376851,2691.790040376851,989166.3526244953,0.0,1815275.0,1902124.2,2529952.833333333,2978630.05,24482641.213333372,8,8,106915789.0,1560774.0,3715000000.0,0.0,10000.0,10000.0,3674753.0,1075084263998.0
153,query_es3_16_8.q3.reads,query_es3_16_8,es3,q3.reads,"uar_[1,5]: uar",3,16,8,2265509.3721,2.2655093721,367.8073,3123.049070283907,3123.049070283907,1148680.246308634,0.0,1798590.0,1874156.4,1977587.5666666664,2925473.05,24663619.99666669,8,8,108969148.0,469808.0,3201999000.0,0.0,10000.0,10000.0,3678073.0,1110326840221.0
154,query_es3_16_8.q4.reads,query_es3_16_8,es3,q4.reads,"uar_[1,5]: uar_alllow",4,16,8,1656401.8923,1.6564018923000003,368.0776,4384.042086804033,4384.042086804033,1613667.6896098203,0.0,1765675.5,1831276.4,1929592.0333333332,2841918.6,3058244.673333334,8,8,4573735.0,461529.0,2281000000.0,0.0,10000.0,10000.0,3680776.0,1141483866781.0
155,query_es3_16_16.load.inserts,query_es3_16_16,es3,load.inserts,load,load,16,16,11077364.93487,11.07736493487,156.5451,1390.124555160142,1390.124555160142,217617.18749999997,0.0,6798655.0,12903053.200000001,19682416.96666667,28144270.5,63285961.17999993,16,16,4123807973.0,2749226.0,71936000000.0,0.0,100000.0,100000.0,15654510.0,200622797831.0
156,query_es3_16_16.q1.reads,query_es3_16_16,es3,q1.reads,fixed_1: fixed_hf,1,16,16,16633338.8619,16.633338861899997,355.0,936.1542782250515,936.1542782250515,332334.7687698933,0.0,16636917.0,18061268.6,24885412.2,25476953.3,34395135.18666667,16,16,57163381.0,8361431.0,10682000000.0,0.0,10000.0,10000.0,3550000.0,1351919602874.0
157,query_es3_16_16.q2.reads,query_es3_16_16,es3,q2.reads,fixed_1: uar,2,16,16,4292433.2682,4.2924332682,367.4057,3109.452736318408,3109.452736318408,1142430.6592039801,0.0,2960055.0,3353372.8000000007,4741453.733333333,8081405.749999999,37736062.58666672,16,16,244676508.0,1633028.0,3216000000.0,0.0,10000.0,10000.0,3674057.0,1525724983176.0
158,query_es3_16_16.q3.reads,query_es3_16_16,es3,q3.reads,"uar_[1,5]: uar",3,16,16,3471300.5163,3.4713005163000004,367.7905,3993.6102236421725,3993.6102236421725,1468811.9009584663,0.0,2416746.0,3190495.2,4516363.333333333,6386374.399999995,21499769.80666717,16,16,217861475.0,477857.0,2504000000.0,0.0,10000.0,10000.0,3677905.0,1588676873099.0
159,query_es3_16_16.q4.reads,query_es3_16_16,es3,q4.reads,"uar_[1,5]: uar_alllow",4,16,16,2595904.6326,2.5959046326000004,368.0837,5837.711617046118,5837.711617046118,2148766.491535318,0.0,2867473.0,3082070.0,3477100.0,4449965.45,5777902.013333334,16,16,18262252.0,483740.0,1713000000.0,0.0,10000.0,10000.0,3680837.0,1640081459389.0
